{
  "Random Forest": {
    "test_r2": 0.9976650953618721,
    "test_mae": 0.31110894035399994,
    "test_rmse": 0.5890131686832564
  },
  "Gradient Boosting": {
    "test_r2": 0.9974393371323118,
    "test_mae": 0.2324622107777172,
    "test_rmse": 0.6168316257746079
  },
  "Neural Network": {
    "test_r2": 0.8957358753098906,
    "test_mae": 2.3730574597713465,
    "test_rmse": 3.936025300497847
  }
}